Ref,Val,Package,PosX,PosY,Rot,Side
"C1","100nF 16V X7R 10%","C_0805_2012Metric",29.000000,-60.000000,90.000000,top
"C2","100nF 16V X7R 10%","C_0805_2012Metric",32.700000,-60.000000,90.000000,top
"C3","100nF 16V X7R 10%","C_0805_2012Metric",36.400000,-60.000000,90.000000,top
"C4","100nF 16V X7R 10%","C_0805_2012Metric",40.100000,-60.000000,90.000000,top
"C5","100nF 16V X7R 10%","C_0805_2012Metric",43.800000,-60.000000,90.000000,top
"C6","100nF 16V X7R 10%","C_0805_2012Metric",47.500000,-60.000000,90.000000,top
"C7","100nF 16V X7R 10%","C_0805_2012Metric",51.200000,-60.000000,90.000000,top
"C8","100nF 16V X7R 10%","C_0805_2012Metric",54.900000,-60.000000,90.000000,top
"C9","100nF 16V X7R 10%","C_0805_2012Metric",67.500000,-60.000000,90.000000,top
"C10","1uF 16V X7R 10%","C_0805_2012Metric",71.000000,-60.000000,90.000000,top
"D1","BAS70-04 dual-series clamp","SOT-23",26.500000,-26.500000,90.000000,top
"D2","BAS70-04 dual-series clamp","SOT-23",26.600000,-22.000000,90.000000,top
"D3","BAS70-04 dual-series clamp","SOT-23",33.700000,-26.500000,90.000000,top
"D4","BAS70-04 dual-series clamp","SOT-23",37.800000,-26.000000,90.000000,top
"D5","BAS70-04 dual-series clamp","SOT-23",41.900000,-25.500000,90.000000,top
"D6","BAS70-04 dual-series clamp","SOT-23",46.000000,-22.000000,90.000000,top
"D7","BAS70-04 dual-series clamp","SOT-23",48.100000,-26.500000,90.000000,top
"D8","BAS70-04 dual-series clamp","SOT-23",52.200000,-26.000000,90.000000,top
"D9","BAS70-04 dual-series clamp","SOT-23",26.500000,-31.000000,90.000000,top
"D10","BAS70-04 dual-series clamp","SOT-23",26.600000,-35.500000,90.000000,top
"D11","BAS70-04 dual-series clamp","SOT-23",33.700000,-31.000000,90.000000,top
"D12","BAS70-04 dual-series clamp","SOT-23",37.800000,-30.500000,90.000000,top
"D13","BAS70-04 dual-series clamp","SOT-23",41.900000,-30.000000,90.000000,top
"D14","BAS70-04 dual-series clamp","SOT-23",41.500000,-34.500000,90.000000,top
"D15","BAS70-04 dual-series clamp","SOT-23",48.100000,-31.000000,90.000000,top
"D16","BAS70-04 dual-series clamp","SOT-23",52.200000,-30.500000,90.000000,top
"D17","BAS70-04 dual-series clamp","SOT-23",55.900000,-26.500000,90.000000,top
"D18","BAS70-04 dual-series clamp","SOT-23",64.000000,-22.000000,90.000000,top
"D19","BAS70-04 dual-series clamp","SOT-23",63.100000,-26.500000,90.000000,top
"D20","BAS70-04 dual-series clamp","SOT-23",67.200000,-26.500000,90.000000,top
"D21","BAS70-04 dual-series clamp","SOT-23",71.300000,-25.500000,90.000000,top
"D22","BAS70-04 dual-series clamp","SOT-23",70.900000,-30.000000,90.000000,top
"D23","BAS70-04 dual-series clamp","SOT-23",77.500000,-26.500000,90.000000,top
"D24","BAS70-04 dual-series clamp","SOT-23",81.600000,-26.000000,90.000000,top
"D25","BAS70-04 dual-series clamp","SOT-23",55.900000,-31.000000,90.000000,top
"D26","BAS70-04 dual-series clamp","SOT-23",55.000000,-35.500000,90.000000,top
"D27","BAS70-04 dual-series clamp","SOT-23",63.100000,-31.000000,90.000000,top
"D28","BAS70-04 dual-series clamp","SOT-23",67.200000,-31.000000,90.000000,top
"D29","BAS70-04 dual-series clamp","SOT-23",71.300000,-34.500000,90.000000,top
"D30","BAS70-04 dual-series clamp","SOT-23",75.400000,-35.500000,90.000000,top
"D31","BAS70-04 dual-series clamp","SOT-23",77.500000,-31.000000,90.000000,top
"D32","BAS70-04 dual-series clamp","SOT-23",81.600000,-30.500000,90.000000,top
"D33","TPD4E1U06 quad ESD","SOT-363_SC-70-6",30.500000,-37.500000,0.000000,top
"D34","TPD4E1U06 quad ESD","SOT-363_SC-70-6",29.650000,-41.500000,0.000000,top
"D35","TPD4E1U06 quad ESD","SOT-363_SC-70-6",33.300000,-41.000000,0.000000,top
"D36","TPD4E1U06 quad ESD","SOT-363_SC-70-6",36.950000,-40.500000,0.000000,top
"D37","TPD4E1U06 quad ESD","SOT-363_SC-70-6",55.900000,-41.500000,0.000000,top
"D38","TPD4E1U06 quad ESD","SOT-363_SC-70-6",59.550000,-41.000000,0.000000,top
"D39","TPD4E1U06 quad ESD","SOT-363_SC-70-6",65.700000,-38.000000,0.000000,top
"D40","TPD4E1U06 quad ESD","SOT-363_SC-70-6",65.350000,-41.500000,0.000000,top
"D41","READY green","LED_0805_2012Metric",54.500000,-68.500000,0.000000,top
"D42","FAULT red","LED_0805_2012Metric",58.500000,-68.000000,0.000000,top
"J1","Bank A Micro-Fit 16","Molex_Micro-Fit_3.0_43045-1600_2x08_P3.00mm_Horizontal",39.200000,-9.500000,0.000000,top
"J2","Bank B Micro-Fit 16","Molex_Micro-Fit_3.0_43045-1600_2x08_P3.00mm_Horizontal",68.600000,-9.500000,0.000000,top
"J3","Keyed Cortex 10-pin SWD","PinHeader_2x05_P1.27mm_Vertical_SMD",75.000000,-68.000000,0.000000,top
"R1","10k 1%","R_0805_2012Metric",29.500000,-26.000000,90.000000,top
"R2","10k 1%","R_0805_2012Metric",25.600000,-18.000000,90.000000,top
"R3","10k 1%","R_0805_2012Metric",33.200000,-22.500000,90.000000,top
"R4","10k 1%","R_0805_2012Metric",32.800000,-18.500000,90.000000,top
"R5","10k 1%","R_0805_2012Metric",44.900000,-26.000000,90.000000,top
"R6","10k 1%","R_0805_2012Metric",49.500000,-18.000000,90.000000,top
"R7","10k 1%","R_0805_2012Metric",53.100000,-18.000000,90.000000,top
"R8","10k 1%","R_0805_2012Metric",55.700000,-18.500000,90.000000,top
"R9","10k 1%","R_0805_2012Metric",25.500000,-39.500000,90.000000,top
"R10","10k 1%","R_0805_2012Metric",25.600000,-43.500000,90.000000,top
"R11","10k 1%","R_0805_2012Metric",33.700000,-35.000000,90.000000,top
"R12","10k 1%","R_0805_2012Metric",37.300000,-34.500000,90.000000,top
"R13","10k 1%","R_0805_2012Metric",44.900000,-30.500000,90.000000,top
"R14","10k 1%","R_0805_2012Metric",47.500000,-39.000000,90.000000,top
"R15","10k 1%","R_0805_2012Metric",47.600000,-35.000000,90.000000,top
"R16","10k 1%","R_0805_2012Metric",51.700000,-34.500000,90.000000,top
"R17","10k 1%","R_0805_2012Metric",55.400000,-22.500000,90.000000,top
"R18","10k 1%","R_0805_2012Metric",64.500000,-18.000000,90.000000,top
"R19","10k 1%","R_0805_2012Metric",60.600000,-20.500000,90.000000,top
"R20","10k 1%","R_0805_2012Metric",67.200000,-22.500000,90.000000,top
"R21","10k 1%","R_0805_2012Metric",71.800000,-21.500000,90.000000,top
"R22","10k 1%","R_0805_2012Metric",74.400000,-22.500000,90.000000,top
"R23","10k 1%","R_0805_2012Metric",77.000000,-22.500000,90.000000,top
"R24","10k 1%","R_0805_2012Metric",76.600000,-18.500000,90.000000,top
"R25","10k 1%","R_0805_2012Metric",58.400000,-35.000000,90.000000,top
"R26","10k 1%","R_0805_2012Metric",62.500000,-39.000000,90.000000,top
"R27","10k 1%","R_0805_2012Metric",62.600000,-35.000000,90.000000,top
"R28","10k 1%","R_0805_2012Metric",71.200000,-38.500000,90.000000,top
"R29","10k 1%","R_0805_2012Metric",73.800000,-39.500000,90.000000,top
"R30","10k 1%","R_0805_2012Metric",76.400000,-39.500000,90.000000,top
"R31","10k 1%","R_0805_2012Metric",78.500000,-35.000000,90.000000,top
"R32","10k 1%","R_0805_2012Metric",81.100000,-34.500000,90.000000,top
"R33","100k 1%","R_0805_2012Metric",30.000000,-19.500000,90.000000,top
"R34","100k 1%","R_0805_2012Metric",36.100000,-17.000000,90.000000,top
"R35","100k 1%","R_0805_2012Metric",35.700000,-21.000000,90.000000,top
"R36","100k 1%","R_0805_2012Metric",38.300000,-22.000000,90.000000,top
"R37","100k 1%","R_0805_2012Metric",42.400000,-21.500000,90.000000,top
"R38","100k 1%","R_0805_2012Metric",39.500000,-18.000000,90.000000,top
"R39","100k 1%","R_0805_2012Metric",49.100000,-22.000000,90.000000,top
"R40","100k 1%","R_0805_2012Metric",52.700000,-22.000000,90.000000,top
"R41","100k 1%","R_0805_2012Metric",29.500000,-31.500000,90.000000,top
"R42","100k 1%","R_0805_2012Metric",25.600000,-47.500000,90.000000,top
"R43","100k 1%","R_0805_2012Metric",40.200000,-38.500000,90.000000,top
"R44","100k 1%","R_0805_2012Metric",42.800000,-38.500000,90.000000,top
"R45","100k 1%","R_0805_2012Metric",44.900000,-34.500000,90.000000,top
"R46","100k 1%","R_0805_2012Metric",52.500000,-39.500000,90.000000,top
"R47","100k 1%","R_0805_2012Metric",45.100000,-38.500000,90.000000,top
"R48","100k 1%","R_0805_2012Metric",50.200000,-38.500000,90.000000,top
"R49","100k 1%","R_0805_2012Metric",57.900000,-21.000000,90.000000,top
"R50","100k 1%","R_0805_2012Metric",58.000000,-17.000000,90.000000,top
"R51","100k 1%","R_0805_2012Metric",60.100000,-26.000000,90.000000,top
"R52","100k 1%","R_0805_2012Metric",67.200000,-18.500000,90.000000,top
"R53","100k 1%","R_0805_2012Metric",74.300000,-26.500000,90.000000,top
"R54","100k 1%","R_0805_2012Metric",69.400000,-18.500000,90.000000,top
"R55","100k 1%","R_0805_2012Metric",79.500000,-21.000000,90.000000,top
"R56","100k 1%","R_0805_2012Metric",87.100000,-17.000000,90.000000,top
"R57","100k 1%","R_0805_2012Metric",59.400000,-31.000000,90.000000,top
"R58","100k 1%","R_0805_2012Metric",50.500000,-43.500000,90.000000,top
"R59","100k 1%","R_0805_2012Metric",68.600000,-38.500000,90.000000,top
"R60","100k 1%","R_0805_2012Metric",74.700000,-43.500000,90.000000,top
"R61","100k 1%","R_0805_2012Metric",77.300000,-43.500000,90.000000,top
"R62","100k 1%","R_0805_2012Metric",86.900000,-33.500000,90.000000,top
"R63","100k 1%","R_0805_2012Metric",74.500000,-31.500000,90.000000,top
"R64","100k 1%","R_0805_2012Metric",87.100000,-37.500000,90.000000,top
"R65","100k 1%","R_0805_2012Metric",29.500000,-63.500000,0.000000,top
"R66","100k 1%","R_0805_2012Metric",34.300000,-66.000000,0.000000,top
"R67","100k 1%","R_0805_2012Metric",34.100000,-63.500000,0.000000,top
"R68","100k 1%","R_0805_2012Metric",37.900000,-63.000000,0.000000,top
"R69","100k 1%","R_0805_2012Metric",38.200000,-65.500000,0.000000,top
"R70","100k 1%","R_0805_2012Metric",42.000000,-63.000000,0.000000,top
"R71","100k 1%","R_0805_2012Metric",38.800000,-68.000000,0.000000,top
"R72","100k 1%","R_0805_2012Metric",46.100000,-63.000000,0.000000,top
"R73","100k 1%","R_0805_2012Metric",45.900000,-65.500000,0.000000,top
"R74","100k 1%","R_0805_2012Metric",54.200000,-66.000000,0.000000,top
"R75","1k 1%","R_0805_2012Metric",52.500000,-63.500000,0.000000,top
"R76","100k 1%","R_0805_2012Metric",58.300000,-60.000000,0.000000,top
"R77","1k 1%","R_0805_2012Metric",57.100000,-63.500000,0.000000,top
"R78","1k 1%","R_0805_2012Metric",60.900000,-63.000000,0.000000,top
"SW1","START/CANCEL SPST-NO","SW_Tactile_SPST_NO_Straight_CK_PTS636Sx25SMTRLFS",47.000000,-69.000000,0.000000,top
"TP1","VBUS","TestPoint_Keystone_5015_Micro-Minature",84.000000,-18.000000,90.000000,top
"TP2","+3V3","TestPoint_Keystone_5015_Micro-Minature",83.500000,-21.800000,90.000000,top
"TP3","GND","TestPoint_Keystone_5015_Micro-Minature",85.500000,-25.600000,90.000000,top
"TP4","ADC_REF_1V8","TestPoint_Keystone_5015_Micro-Minature",89.000000,-22.900000,90.000000,top
"TP5","BIAS","TestPoint_Keystone_5015_Micro-Minature",85.500000,-29.700000,90.000000,top
"TP6","STIM","TestPoint_Keystone_5015_Micro-Minature",84.000000,-34.500000,90.000000,top
"TP7","DRV_A_LO_EN","TestPoint_Keystone_5015_Micro-Minature",80.500000,-41.300000,90.000000,top
"TP8","READY_LED","TestPoint_Keystone_5015_Micro-Minature",84.000000,-41.100000,90.000000,top
"TP9","FAULT_LED","TestPoint_Keystone_5015_Micro-Minature",80.500000,-47.900000,90.000000,top
"TP10","A:01_NODE","TestPoint_Keystone_5015_Micro-Minature",84.000000,-47.700000,90.000000,top
"TP11","B:01_NODE","TestPoint_Keystone_5015_Micro-Minature",83.500000,-51.500000,90.000000,top
"TP12","RUN","TestPoint_Keystone_5015_Micro-Minature",83.000000,-55.300000,90.000000,top
"U1","Raspberry Pi Pico SC0915","RaspberryPi_Pico_SMD_HandSolder",12.600000,-44.000000,0.000000,top
"U2","TMUX1108 U2 DRV_A_LO_EN","TSSOP-16_4.4x5mm_P0.65mm",31.000000,-47.000000,0.000000,top
"U3","TMUX1108 U3 DRV_A_HI_EN","TSSOP-16_4.4x5mm_P0.65mm",40.000000,-47.000000,0.000000,top
"U4","TMUX1108 U4 DRV_B_LO_EN","TSSOP-16_4.4x5mm_P0.65mm",60.400000,-47.000000,0.000000,top
"U5","TMUX1108 U5 DRV_B_HI_EN","TSSOP-16_4.4x5mm_P0.65mm",69.400000,-47.000000,0.000000,top
"U6","TMUX1108 U6 SENSE_LO_EN","TSSOP-16_4.4x5mm_P0.65mm",31.000000,-53.600000,0.000000,top
"U7","TMUX1108 U7 SENSE_HI_EN","TSSOP-16_4.4x5mm_P0.65mm",40.000000,-53.600000,0.000000,top
"U8","TMUX1108 U8 SENSE_LO_EN","TSSOP-16_4.4x5mm_P0.65mm",60.400000,-53.600000,0.000000,top
"U9","TMUX1108 U9 SENSE_HI_EN","TSSOP-16_4.4x5mm_P0.65mm",69.400000,-53.600000,0.000000,top
"U10","REF3318 1.8V","SOT-23",63.000000,-60.000000,0.000000,top
